id;user_name;first_name;last_name;email
1;fortunately positively;Carlie;Beatty;Rusty.Schmidt23@yahoo.com
2;anti party;Dorothea;Parker;Julien51@yahoo.com
3;interject cardboard fervently;Clemens;Heidenreich;Darrick.Aufderhar83@yahoo.com
4;into whether;Emerald;Auer;Chaz_Grimes@yahoo.com
5;till whoever;Adela;Cremin;Alva99@gmail.com
6;degrease usable not;America;Bernhard;Meggie70@yahoo.com
7;excluding yet;Earline;Corwin;Maude.Rowe38@yahoo.com
8;grab scarce sleepy;Rosina;O'Keefe;Fidel.McLaughlin@gmail.com
9;interconnection;Bettie;Padberg;Percival.OReilly@yahoo.com
10;bijou crossly common;Emiliano;Purdy;Idella.Batz@yahoo.com
